{
    "name": "Google Snake",
    "short_name": "Google Snake",
    "description": "Play as a snake, eat food to become longer while avoiding obstacle.",
    "version": "2.0",
    "start_url": "index.php",
    "display": "fullscreen",
    "orientation": "any",
    "background_color": "#ffffff",
    "icons": [
        {
            "src": "icons/16.png",
            "sizes": "16x16"
        },
        {
            "src": "icons/20.png",
            "sizes": "20x20"
        },
        {
            "src": "icons/29.png",
            "sizes": "29x29"
        },
        {
            "src": "icons/32.png",
            "sizes": "32x32"
        },
        {
            "src": "icons/40.png",
            "sizes": "40x40"
        },
        {
            "src": "icons/50.png",
            "sizes": "50x50"
        },
        {
            "src": "icons/57.png",
            "sizes": "57x57"
        },
        {
            "src": "icons/58.png",
            "sizes": "58x58"
        },
        {
            "src": "icons/60.png",
            "sizes": "60x60"
        },
        {
            "src": "icons/64.png",
            "sizes": "64x64"
        },
        {
            "src": "icons/72.png",
            "sizes": "72x72"
        },
        {
            "src": "icons/76.png",
            "sizes": "76x76"
        },
        {
            "src": "icons/80.png",
            "sizes": "80x80"
        },
        {
            "src": "icons/87.png",
            "sizes": "87x87"
        },
        {
            "src": "icons/100.png",
            "sizes": "100x100"
        },
        {
            "src": "icons/114.png",
            "sizes": "114x114"
        },
        {
            "src": "icons/120.png",
            "sizes": "120x120"
        },
        {
            "src": "icons/128.png",
            "sizes": "128x128"
        },
        {
            "src": "icons/144.png",
            "sizes": "144x144"
        },
        {
            "src": "icons/152.png",
            "sizes": "152x152"
        },
        {
            "src": "icons/167.png",
            "sizes": "167x167"
        },
        {
            "src": "icons/180.png",
            "sizes": "180x180"
        },
        {
            "src": "icons/192.png",
            "sizes": "192x192"
        },
        {
            "src": "icons/256.png",
            "sizes": "256x256"
        },
        {
            "src": "icons/512.png",
            "sizes": "512x512"
        }
    ]
}